Activity Type,Subtype,type,category,rows
Entertainment,Stage show,show,show,10
Attraction,Dark ride,attraction,dark_ride,9
Entertainment,Character entertainment,meet_greet,meet_greet,7
Entertainment,Live music,show,show,7
Attraction,Play area,attraction,playground,6
Attraction,Family coaster,attraction,coaster,5
Attraction,Aerial spinner,attraction,dark_ride,4
Attraction,Boat ride,attraction,dark_ride,4
Attraction,Motion simulator,attraction,simulator,4
Attraction,Roller coaster,attraction,coaster,4
Attraction,Boat / dark ride,attraction,dark_ride,3
Attraction,Body slides,attraction,water_ride,3
Attraction,Carousel,attraction,dark_ride,3
Attraction,Family raft ride,attraction,water_ride,3
Attraction,Interactive dark ride,attraction,dark_ride,3
Attraction,Interactive play,attraction,playground,3
Attraction,Kids water play,attraction,water_ride,3
Attraction,Launch coaster,attraction,coaster,3
Attraction,Lazy river,attraction,water_ride,3
Attraction,Spinning ride,attraction,dark_ride,3
Attraction,Walking trail,walkthrough,walkthrough,3
Entertainment,Nighttime spectacular,show,show,3
Attraction,Body slide,attraction,water_ride,2
Attraction,Indoor roller coaster,attraction,coaster,2
Attraction,Interactive play area,attraction,playground,2
Attraction,Interactive wand experience,attraction,dark_ride,2
Attraction,Mat racing slides,attraction,water_ride,2
Attraction,Raft ride,attraction,water_ride,2
Attraction,Raft slide,attraction,water_ride,2
Attraction,River rapids,attraction,water_ride,2
Attraction,Train between parks,transport,transport,2
Attraction,Tube slide,attraction,water_ride,2
Attraction,Tube slides,attraction,water_ride,2
Attraction,Water coaster,attraction,coaster,2
Attraction,Wave pool,attraction,water_ride,2
Entertainment,Interactive character show,meet_greet,meet_greet,2
Entertainment,Live performance,show,show,2
Entertainment,Projection show,show,360_film,2
Entertainment,Stunt show,show,show,2
Attraction,3D motion dark ride,attraction,360_film,1
Attraction,3D motion ride,attraction,360_film,1
Attraction,Aerial spinning ride,attraction,dark_ride,1
Attraction,Animal care / exhibit,attraction,walkthrough,1
Attraction,Animal exhibits,attraction,walkthrough,1
Attraction,Beach / pool,attraction,water_ride,1
Attraction,Boat / drop ride,attraction,dark_ride,1
Attraction,Chairlift,transport,transport,1
Attraction,Character encounter,meet_greet,meet_greet,1
Attraction,Dark ride / coaster hybrid,attraction,coaster,1
Attraction,Dark ride / motion ride,attraction,dark_ride,1
Attraction,Driving ride,attraction,dark_ride,1
Attraction,Drop body slide,attraction,water_ride,1
Attraction,Drop tower / dark ride,attraction,dark_ride,1
Attraction,Dual-launch roller coaster,attraction,coaster,1
Attraction,Elevated family ride,attraction,dark_ride,1
Attraction,Family launch coaster,attraction,coaster,1
Attraction,Family ride,attraction,dark_ride,1
Attraction,Fast action river,attraction,water_ride,1
Attraction,Flying simulator,attraction,simulator,1
Attraction,Flying theater,attraction,simulator,1
Attraction,High-speed body slide,attraction,water_ride,1
Attraction,High-speed vehicle ride,attraction,dark_ride,1
Attraction,Indoor launch coaster,attraction,coaster,1
Attraction,Interactive 3D/4D ride,attraction,360_film,1
Attraction,Interactive animation experience,attraction,dark_ride,1
Attraction,Interactive blaster,attraction,dark_ride,1
Attraction,Interactive exhibit,attraction,walkthrough,1
Attraction,Interactive experience,attraction,dark_ride,1
Attraction,Interactive fountain,attraction,playground,1
Attraction,Interactive scavenger hunt,attraction,walkthrough,1
Attraction,Interactive simulator,attraction,simulator,1
Attraction,Interactive story experience,attraction,dark_ride,1
Attraction,Interactive water play,attraction,water_ride,1
Attraction,Interactive water ride,attraction,water_ride,1
Attraction,Kids / family water play,attraction,water_ride,1
Attraction,Launch / drop tower,attraction,dark_ride,1
Attraction,Launch roller coaster,attraction,coaster,1
Attraction,Leisure pool,attraction,water_ride,1
Attraction,Log flume,attraction,water_ride,1
Attraction,Log flume / water ride,attraction,water_ride,1
Attraction,Mat slides,attraction,water_ride,1
Attraction,Motion / dark ride,attraction,dark_ride,1
Attraction,Motion dark ride,attraction,dark_ride,1
Attraction,Motion simulator – intense mission,attraction,simulator,1
Attraction,Motion simulator – milder mission,attraction,simulator,1
Attraction,Paid interactive makeover experience,attraction,meet_greet,1
Attraction,Park icon / exploration,attraction,walkthrough,1
Attraction,People mover,transport,transport,1
Attraction,Pool / play,attraction,water_ride,1
Attraction,Racing tube slides,attraction,water_ride,1
Attraction,Ride / motion experience,attraction,dark_ride,1
Attraction,Rotating theater,attraction,360_film,1
Attraction,Safari vehicle ride,attraction,dark_ride,1
Attraction,Short film,attraction,360_film,1
Attraction,Speed body slide,attraction,water_ride,1
Attraction,Speed body slides,attraction,water_ride,1
Attraction,Spinning / aerial ride,attraction,dark_ride,1
Attraction,Spinning coaster,attraction,coaster,1
Attraction,Splash play area,attraction,water_ride,1
Attraction,Suspended dark ride,attraction,dark_ride,1
Attraction,Suspended family ride,attraction,dark_ride,1
Attraction,Toddler water play,attraction,water_ride,1
Attraction,Trackless / simulator hybrid,attraction,simulator,1
Attraction,Trackless 3D dark ride,attraction,360_film,1
Attraction,Trackless dark ride,attraction,dark_ride,1
Attraction,Train,transport,transport,1
Attraction,Walk-through,walkthrough,walkthrough,1
Attraction,Walk-through / exhibit,walkthrough,walkthrough,1
Attraction,Walk-through interactive trail,walkthrough,walkthrough,1
Attraction,Wave pool / beach,attraction,water_ride,1
Entertainment,3D film,show,360_film,1
Entertainment,3D theater show,show,360_film,1
Entertainment,4D show,show,360_film,1
Entertainment,A cappella live music,show,show,1
Entertainment,Bird presentation,show,show,1
Entertainment,Bird show,show,show,1
Entertainment,Cavalcade,parade,show,1
Entertainment,Character / entertainment,meet_greet,meet_greet,1
Entertainment,Character / interactive entertainment,meet_greet,meet_greet,1
Entertainment,Circle-Vision film,show,360_film,1
Entertainment,Comedy / effects show,show,show,1
Entertainment,Day parade,parade,show,1
Entertainment,Fireworks / projections,show,360_film,1
Entertainment,Interactive comedy show,show,show,1
Entertainment,Live acrobatics,show,show,1
Entertainment,Live entertainment,show,show,1
Entertainment,Live music show,show,show,1
Entertainment,Live percussion,show,show,1
Entertainment,Live show,show,show,1
Entertainment,Live street show,show,show,1
Entertainment,Live vocal entertainment,show,show,1
Entertainment,Live vocal show,show,show,1
Entertainment,Musical / animatronic show,show,show,1
Entertainment,Night parade,parade,show,1
Entertainment,Parade,parade,show,1
Entertainment,Projection / nighttime show,show,360_film,1
Entertainment,Sing-along film,show,360_film,1
Entertainment,Stage / animatronic show,show,show,1
Entertainment,Stage / multimedia show,show,show,1
Entertainment,Theater film,show,360_film,1
Entertainment,Theater presentation,show,360_film,1
